DATE,TYPE,OUTAMOUNT,OUTCURRENCY,FEEAMOUNT,FEECURRENCY,OUTTXID,OUTTXURL,INAMOUNT,INCURRENCY,INTXID,INTXURL,ORDERID
Thu Aug 03 2017 23:09:27 GMT+0300 (שעון קיץ ירושלים),deposit,,,,,,,0.09,REP,0x526ec5d018ad320b650f0a15edacc25e28f0cbc0cc47868ff0aeb92da079c1f8,https://etherscan.io/tx/0x526ec5d018ad320b650f0a15edacc25e28f0cbc0cc47868ff0aeb92da079c1f8,
Thu Aug 03 2017 23:54:37 GMT+0300 (שעון קיץ ירושלים),deposit,,,,,,,0.99,REP,0x08490af6171dfdb9454254d85ee7a3616e150427fd26fd0e1f204689a54be790,https://etherscan.io/tx/0x08490af6171dfdb9454254d85ee7a3616e150427fd26fd0e1f204689a54be790,
Fri Aug 04 2017 00:08:13 GMT+0300 (שעון קיץ ירושלים),deposit,,,,,,,19.99,REP,0x8f561219136c4744ec1096cc83a096e6ee5b73107cf74a5ff8f6479c1891270e,https://etherscan.io/tx/0x8f561219136c4744ec1096cc83a096e6ee5b73107cf74a5ff8f6479c1891270e,
Fri Aug 04 2017 00:21:53 GMT+0300 (שעון קיץ ירושלים),deposit,,,,,,,29.99,REP,0x75148e1b24cc6bdb9b2afb30fb759149e6527babe6916134d399a37f9c3867fa,https://etherscan.io/tx/0x75148e1b24cc6bdb9b2afb30fb759149e6527babe6916134d399a37f9c3867fa,
Fri Aug 04 2017 00:35:15 GMT+0300 (שעון קיץ ירושלים),deposit,,,,,,,33.99,REP,0xfc7c9386a153d701411dc1f79cf01de6987a4743f56f2f0ce888d48a89521266,https://etherscan.io/tx/0xfc7c9386a153d701411dc1f79cf01de6987a4743f56f2f0ce888d48a89521266,
Fri Aug 04 2017 00:48:07 GMT+0300 (שעון קיץ ירושלים),deposit,,,,,,,19.99,REP,0x65aa4f8900accb63cc615674f586a1ca976dce643e42ec40cfbd4563b0a162fa,https://etherscan.io/tx/0x65aa4f8900accb63cc615674f586a1ca976dce643e42ec40cfbd4563b0a162fa,
Fri Aug 04 2017 07:56:28 GMT+0300 (שעון קיץ ירושלים),deposit,,,,,,,0.005,ETH,0x14ab2bc001396845385e4057b5b96fa14af91b42f7c2ceb4b33a3f5ef58f8b82,https://etherscan.io/tx/0x14ab2bc001396845385e4057b5b96fa14af91b42f7c2ceb4b33a3f5ef58f8b82,
Fri Aug 04 2017 08:02:08 GMT+0300 (שעון קיץ ירושלים),deposit,,,,,,,0.495,ETH,0xd33948752355ac9a7c688941e5098fdf47da45fffab43b32aafeca813e490e32,https://etherscan.io/tx/0xd33948752355ac9a7c688941e5098fdf47da45fffab43b32aafeca813e490e32,
Fri Aug 04 2017 08:18:24 GMT+0300 (שעון קיץ ירושלים),deposit,,,,,,,9.9,GNT,0x8391e579c50c4d0b8751cc821418837bcae63c9e864a4c95eca89af439632a22,https://etherscan.io/tx/0x8391e579c50c4d0b8751cc821418837bcae63c9e864a4c95eca89af439632a22,
Sat Aug 05 2017 07:08:58 GMT+0300 (שעון קיץ ירושלים),deposit,,,,,,,0.005,ETH,0x7d02bb578a5046f607257a58fdddee2e22af4b48e4c09238c4a8957aafddbd7b,https://etherscan.io/tx/0x7d02bb578a5046f607257a58fdddee2e22af4b48e4c09238c4a8957aafddbd7b,
Sat Aug 05 2017 07:11:45 GMT+0300 (שעון קיץ ירושלים),deposit,,,,,,,0.995,ETH,0x9186ffc24721a7a35409c3bdd2729f5b65c834203ddf483f581b80e38cc104f1,https://etherscan.io/tx/0x9186ffc24721a7a35409c3bdd2729f5b65c834203ddf483f581b80e38cc104f1,
Sat Aug 05 2017 07:15:24 GMT+0300 (שעון קיץ ירושלים),deposit,,,,,,,0.995,ETH,0xbebc1411e6c5b82105b96184504fcee11e4b31796a74aada59f1ed881a099312,https://etherscan.io/tx/0xbebc1411e6c5b82105b96184504fcee11e4b31796a74aada59f1ed881a099312,
Sat Aug 05 2017 07:18:05 GMT+0300 (שעון קיץ ירושלים),deposit,,,,,,,0.995,ETH,0x28aef9037763d0db65cc7966faa7f565c5285fc39568e41942b65e64f500a1fa,https://etherscan.io/tx/0x28aef9037763d0db65cc7966faa7f565c5285fc39568e41942b65e64f500a1fa,
Sat Aug 05 2017 07:21:19 GMT+0300 (שעון קיץ ירושלים),deposit,,,,,,,0.995,ETH,0x5035fae37781afe8cacd2ce6824281dc3e711c33e5906243526636665a903b9b,https://etherscan.io/tx/0x5035fae37781afe8cacd2ce6824281dc3e711c33e5906243526636665a903b9b,
Sat Aug 05 2017 07:23:53 GMT+0300 (שעון קיץ ירושלים),deposit,,,,,,,0.995,ETH,0x7b8c63888b943ad7d86366fccf8d3d0d240a901f766b4c28a4171f5e7340b684,https://etherscan.io/tx/0x7b8c63888b943ad7d86366fccf8d3d0d240a901f766b4c28a4171f5e7340b684,
Sat Aug 05 2017 07:27:45 GMT+0300 (שעון קיץ ירושלים),deposit,,,,,,,0.995,ETH,0x9715484507245adc21f09b81abbffb74e411e877baffa6b5cf2c7393b27b5a79,https://etherscan.io/tx/0x9715484507245adc21f09b81abbffb74e411e877baffa6b5cf2c7393b27b5a79,
Sat Aug 05 2017 07:31:17 GMT+0300 (שעון קיץ ירושלים),deposit,,,,,,,0.995,ETH,0xa14eec937acd096807c62c051f2897eabcccbd2f121a662b0a5f99da5310e3c9,https://etherscan.io/tx/0xa14eec937acd096807c62c051f2897eabcccbd2f121a662b0a5f99da5310e3c9,
Sun Aug 06 2017 09:24:03 GMT+0300 (שעון קיץ ירושלים),deposit,,,,,,,0.045,ETH,0xc0df22b598b20ac2c4d4d03585b3cbbde3a78f4afe1b7a96a65a1c3be1a2f5df,https://etherscan.io/tx/0xc0df22b598b20ac2c4d4d03585b3cbbde3a78f4afe1b7a96a65a1c3be1a2f5df,
Sun Aug 06 2017 09:26:16 GMT+0300 (שעון קיץ ירושלים),deposit,,,,,,,2.33728284,ETH,0x46125fe160565ef56d0a912c56ef306cf899e5b970ba06b6cde3abc4f8e35521,https://etherscan.io/tx/0x46125fe160565ef56d0a912c56ef306cf899e5b970ba06b6cde3abc4f8e35521,
Sun Aug 06 2017 09:30:35 GMT+0300 (שעון קיץ ירושלים),deposit,,,,,,,0.99,REP,0xe87e6d9740d97f343c9821cc3ef5e8bbafc61616120b39aaad038f480248b8d7,https://etherscan.io/tx/0xe87e6d9740d97f343c9821cc3ef5e8bbafc61616120b39aaad038f480248b8d7,
Sun Aug 06 2017 09:35:55 GMT+0300 (שעון קיץ ירושלים),deposit,,,,,,,9.57536613,REP,0x1888063300a6bc13678ea6c723ef1c30d9ba9cf72f367ac48589acb1529faeb9,https://etherscan.io/tx/0x1888063300a6bc13678ea6c723ef1c30d9ba9cf72f367ac48589acb1529faeb9,
Sun Aug 06 2017 09:43:33 GMT+0300 (שעון קיץ ירושלים),deposit,,,,,,,9.9,GNT,0x1526d7b3ba644e7aa0f941de716daeec72f710fd62efe3413c5cae8777bfa53c,https://etherscan.io/tx/0x1526d7b3ba644e7aa0f941de716daeec72f710fd62efe3413c5cae8777bfa53c,
Sun Aug 06 2017 10:02:56 GMT+0300 (שעון קיץ ירושלים),deposit,,,,,,,1999.9,GNT,0x431927f00c6d16d36808c4ae8b8b678af38c553ecfabf6b8b184ed3cd7c68314,https://etherscan.io/tx/0x431927f00c6d16d36808c4ae8b8b678af38c553ecfabf6b8b184ed3cd7c68314,
Sun Aug 06 2017 10:10:18 GMT+0300 (שעון קיץ ירושלים),deposit,,,,,,,1299.9,GNT,0x09ad41a04a730c28e77c2755abe5257f50c73bb98ce73a25b7895cc4667ea06b,https://etherscan.io/tx/0x09ad41a04a730c28e77c2755abe5257f50c73bb98ce73a25b7895cc4667ea06b,
Mon Aug 07 2017 11:24:10 GMT+0300 (שעון קיץ ירושלים),deposit,,,,,,,9.9,GNT,0x12d5857009d158d70cab1b0b793488fd61973c546e466768fba2d996404a8cb1,https://etherscan.io/tx/0x12d5857009d158d70cab1b0b793488fd61973c546e466768fba2d996404a8cb1,
Mon Aug 07 2017 11:30:56 GMT+0300 (שעון קיץ ירושלים),deposit,,,,,,,1999.9,GNT,0x632378cb7639aa0ff74d36192c5063ff8ae119b31c3810c13810c7aae1294196,https://etherscan.io/tx/0x632378cb7639aa0ff74d36192c5063ff8ae119b31c3810c13810c7aae1294196,
Mon Aug 07 2017 11:38:25 GMT+0300 (שעון קיץ ירושלים),deposit,,,,,,,1999.9,GNT,0xd751238c0db1a87185e6be406e15099ec60dc7ba8e0f6fb8ef0ee7286cc26b6a,https://etherscan.io/tx/0xd751238c0db1a87185e6be406e15099ec60dc7ba8e0f6fb8ef0ee7286cc26b6a,
Mon Aug 07 2017 12:05:23 GMT+0300 (שעון קיץ ירושלים),deposit,,,,,,,0.005,ETH,0xa3124b9d0e2b1af652695f0212f2a2520f568d439be20f8654818bc15fc2f176,https://etherscan.io/tx/0xa3124b9d0e2b1af652695f0212f2a2520f568d439be20f8654818bc15fc2f176,
Mon Aug 07 2017 12:08:38 GMT+0300 (שעון קיץ ירושלים),deposit,,,,,,,2.31973569,ETH,0x5294e804cf21103df8c0a524357b1c22a34670ccb3d3a7d9af3b81d1283cb14b,https://etherscan.io/tx/0x5294e804cf21103df8c0a524357b1c22a34670ccb3d3a7d9af3b81d1283cb14b,
Tue Aug 08 2017 15:48:25 GMT+0300 (שעון קיץ ירושלים),deposit,,,,,,,0.0009,BTC,b9b35461bcc976fd79323dc7c7dc598383203c1855aca0b3d66b27a5cfb530d4,https://blockstream.info/tx/b9b35461bcc976fd79323dc7c7dc598383203c1855aca0b3d66b27a5cfb530d4,
Tue Aug 08 2017 15:48:26 GMT+0300 (שעון קיץ ירושלים),deposit,,,,,,,0.18523506,BTC,e3e865bd7afba04b5d8d7f618977fdb1dcc649126a424ab7a2650952d89a4993,https://blockstream.info/tx/e3e865bd7afba04b5d8d7f618977fdb1dcc649126a424ab7a2650952d89a4993,
Wed Aug 09 2017 20:03:02 GMT+0300 (שעון קיץ ירושלים),deposit,,,,,,,0.0004,BTC,873004cba23ed2bbfa3b07a1a5dd6359ec93a4ee2c7b58833e7802e120c0fa5c,https://blockstream.info/tx/873004cba23ed2bbfa3b07a1a5dd6359ec93a4ee2c7b58833e7802e120c0fa5c,
Wed Aug 09 2017 20:12:21 GMT+0300 (שעון קיץ ירושלים),deposit,,,,,,,0.0994,BTC,b64bd756bc820e917b7c7d1845f853817d48cdd2be85b617a6cf89944275f32d,https://blockstream.info/tx/b64bd756bc820e917b7c7d1845f853817d48cdd2be85b617a6cf89944275f32d,
Thu Aug 10 2017 07:41:40 GMT+0300 (שעון קיץ ירושלים),deposit,,,,,,,0.0004,BTC,546fb38eb821d48603c804063e73c62ea7acaaf3c8e830f2796f4f59841921fb,https://blockstream.info/tx/546fb38eb821d48603c804063e73c62ea7acaaf3c8e830f2796f4f59841921fb,
Thu Aug 10 2017 07:41:41 GMT+0300 (שעון קיץ ירושלים),deposit,,,,,,,0.4499,BTC,6a222e25d6a92edefc285393bc4a62d5ee61ee0fc5ccad9385fbbc3e034f06d0,https://blockstream.info/tx/6a222e25d6a92edefc285393bc4a62d5ee61ee0fc5ccad9385fbbc3e034f06d0,
Fri Aug 11 2017 08:26:47 GMT+0300 (שעון קיץ ירושלים),deposit,,,,,,,0.0004,BTC,1b34dd72966191a7b9ba2bc154695ed2f86945af3250dcc581bfc346cc6ad605,https://blockstream.info/tx/1b34dd72966191a7b9ba2bc154695ed2f86945af3250dcc581bfc346cc6ad605,
Fri Aug 11 2017 08:26:48 GMT+0300 (שעון קיץ ירושלים),deposit,,,,,,,0.25106504,BTC,495e1641a269b524eba34e882800c7bc63801e6df0a06713d06a8804f12ccb6f,https://blockstream.info/tx/495e1641a269b524eba34e882800c7bc63801e6df0a06713d06a8804f12ccb6f,
Thu Aug 17 2017 08:03:37 GMT+0300 (שעון קיץ ירושלים),deposit,,,,,,,0.00252392,BTC,27bfd0ba55c9d374dd3810cd0e890bf37bed708beb520d0475a6a7af96c997cd,https://blockstream.info/tx/27bfd0ba55c9d374dd3810cd0e890bf37bed708beb520d0475a6a7af96c997cd,
Wed Oct 04 2017 00:19:05 GMT+0300 (שעון קיץ ירושלים),withdrawal,-1,REP,-0.001205474,ETH,0xf0155ab365cf7bb497bd97ba46a41a2b6b60241e8699c900a61a055edbdfa78b,https://etherscan.io/tx/0xf0155ab365cf7bb497bd97ba46a41a2b6b60241e8699c900a61a055edbdfa78b,,,,,
Wed Oct 04 2017 00:24:18 GMT+0300 (שעון קיץ ירושלים),deposit,,,,,,,0.06327772,DASH,4b0b7e8aeb8b7a553011218f55901397a364baf9811f2cfcee9dfcb8fd554303,https://insight.dashevo.org/insight/tx/4b0b7e8aeb8b7a553011218f55901397a364baf9811f2cfcee9dfcb8fd554303,
Wed Oct 04 2017 00:27:21 GMT+0300 (שעון קיץ ירושלים),withdrawal,-63,REP,-0.001206952,ETH,0x685ae7c84c8e9248253994cc51a927541a15b9cf9fc087ad2dddd3dad6efe0bf,https://etherscan.io/tx/0x685ae7c84c8e9248253994cc51a927541a15b9cf9fc087ad2dddd3dad6efe0bf,,,,,
Wed Oct 04 2017 00:29:55 GMT+0300 (שעון קיץ ירושלים),deposit,,,,,,,4.08798772,DASH,040d2305c507022e1638d725abf2bd5a26bdffd2565ca299e2215aed83c90dde,https://insight.dashevo.org/insight/tx/040d2305c507022e1638d725abf2bd5a26bdffd2565ca299e2215aed83c90dde,
Wed Oct 04 2017 18:12:09 GMT+0300 (שעון קיץ ירושלים),withdrawal,-3241.491086,GNT,-0.001199167,ETH,0x5d2c2e3555e9676a885403c4332a9c1ce84ed194095b5ff3dab5ea8b6dcea28f,https://etherscan.io/tx/0x5d2c2e3555e9676a885403c4332a9c1ce84ed194095b5ff3dab5ea8b6dcea28f,,,,,
Wed Oct 04 2017 18:16:24 GMT+0300 (שעון קיץ ירושלים),deposit,,,,,,,15.40188493,LTC,2e133da9aa5c39c40091d1a24d3bd888246196f6a95ac201e2b08c24a5df8640,https://chainz.cryptoid.info/ltc/tx.dws?2e133da9aa5c39c40091d1a24d3bd888246196f6a95ac201e2b08c24a5df8640,
Thu Oct 05 2017 10:37:05 GMT+0300 (שעון קיץ ירושלים),withdrawal,-0.001,BTC,-0.00023278,BTC,2281a301ebceed3c10a19287643df08ccb28603948a2fbe014f14fc7d23d44ec,https://blockstream.info/tx/2281a301ebceed3c10a19287643df08ccb28603948a2fbe014f14fc7d23d44ec,,,,,
Thu Oct 05 2017 11:15:23 GMT+0300 (שעון קיץ ירושלים),deposit,,,,,,,0.00079008,BTC,c25958d0b5e6abe8648b9fa74683b1c6dd3b935838620224601a2e5628a1826e,https://blockstream.info/tx/c25958d0b5e6abe8648b9fa74683b1c6dd3b935838620224601a2e5628a1826e,
Thu Oct 05 2017 22:05:35 GMT+0300 (שעון קיץ ירושלים),withdrawal,-0.01,BTC,-0.00081954,BTC,acf539a17a6c9acce1bf7b3ee3f7ebf9787cff0075d3b266faaa237ba65b24a6,https://blockstream.info/tx/acf539a17a6c9acce1bf7b3ee3f7ebf9787cff0075d3b266faaa237ba65b24a6,,,,,
Fri Oct 06 2017 07:04:40 GMT+0300 (שעון קיץ ירושלים),withdrawal,-0.1,BTC,-0.00026894,BTC,f143a37acdeffb56e165b656e026184103311e5f269b7f577f07dcdb745a0199,https://blockstream.info/tx/f143a37acdeffb56e165b656e026184103311e5f269b7f577f07dcdb745a0199,,,,,
Fri Oct 06 2017 07:17:31 GMT+0300 (שעון קיץ ירושלים),withdrawal,-0.2,BTC,-0.0009045,BTC,c91e5a0915e3b08c500422e147da43f75d475ecc759a4a3613c502811c03c7e5,https://blockstream.info/tx/c91e5a0915e3b08c500422e147da43f75d475ecc759a4a3613c502811c03c7e5,,,,,
Fri Oct 06 2017 07:52:57 GMT+0300 (שעון קיץ ירושלים),withdrawal,-0.3,BTC,-0.00029154,BTC,05ab0cf8d1e9060ecde262146df5f59ea1c20b599fc0d4b287c148087c5fc261,https://blockstream.info/tx/05ab0cf8d1e9060ecde262146df5f59ea1c20b599fc0d4b287c148087c5fc261,,,,,
Fri Oct 06 2017 12:26:59 GMT+0300 (שעון קיץ ירושלים),withdrawal,-0.3762698,BTC,-0.001227,BTC,c58c45fdea4c9eda9f483f404c4bfdf22c1c894128329f04e5233e890718b883,https://blockstream.info/tx/c58c45fdea4c9eda9f483f404c4bfdf22c1c894128329f04e5233e890718b883,,,,,
Fri Oct 06 2017 14:55:32 GMT+0300 (שעון קיץ ירושלים),withdrawal,-0.03,ETH,-0.000441,ETH,0xf99ef24a50a581a6143129c57f21da39ee15f45b517f0d0d900088d3e945c2df,https://etherscan.io/tx/0xf99ef24a50a581a6143129c57f21da39ee15f45b517f0d0d900088d3e945c2df,,,,,
Fri Oct 06 2017 14:58:44 GMT+0300 (שעון קיץ ירושלים),deposit,,,,,,,0.029559,ETH,0xa7ab2edbfc4ea7845b5eacedfe856b8fd9e0ff4066565c84b52e021ebefb0943,https://etherscan.io/tx/0xa7ab2edbfc4ea7845b5eacedfe856b8fd9e0ff4066565c84b52e021ebefb0943,
Fri Oct 06 2017 15:00:54 GMT+0300 (שעון קיץ ירושלים),withdrawal,-1,ETH,-0.000441,ETH,0x042046e3dec0196429cc8dd2621912f05f17fd6f1aa3c3a3f1100d67365ecce3,https://etherscan.io/tx/0x042046e3dec0196429cc8dd2621912f05f17fd6f1aa3c3a3f1100d67365ecce3,,,,,
Fri Oct 06 2017 15:04:38 GMT+0300 (שעון קיץ ירושלים),withdrawal,-5,ETH,-0.000441,ETH,0xffadd06d6a50f092a3efda4a038d80f3447659f41d11a20f6a3591ca80260260,https://etherscan.io/tx/0xffadd06d6a50f092a3efda4a038d80f3447659f41d11a20f6a3591ca80260260,,,,,
Fri Oct 06 2017 15:06:29 GMT+0300 (שעון קיץ ירושלים),withdrawal,-6.171201937,ETH,-0.000441,ETH,0x1a4e8f7ca0e343cdc619f732946888bf013bd79b5154efb0f0f969b2dd8d5b06,https://etherscan.io/tx/0x1a4e8f7ca0e343cdc619f732946888bf013bd79b5154efb0f0f969b2dd8d5b06,,,,,
Wed Oct 11 2017 23:01:33 GMT+0300 (שעון קיץ ירושלים),deposit,,,,,,,0.6385872,DASH,47bd8fe6357bb5244033e2c7cb85439c4a96ce4ed7bf5d91714d2bdd3317f95a,https://insight.dashevo.org/insight/tx/47bd8fe6357bb5244033e2c7cb85439c4a96ce4ed7bf5d91714d2bdd3317f95a,
Wed Oct 11 2017 23:12:41 GMT+0300 (שעון קיץ ירושלים),deposit,,,,,,,8.97301701,LTC,ef08294e97098452e5022bf226af4631a451b4c06f8d3e63fa4cc4256ee0b997,https://chainz.cryptoid.info/ltc/tx.dws?ef08294e97098452e5022bf226af4631a451b4c06f8d3e63fa4cc4256ee0b997,
Mon Oct 16 2017 22:31:33 GMT+0300 (שעון קיץ ירושלים),deposit,,,,,,,0.099,LTC,e50bfe46cd4408a9aed187864f4673f964b9685c8f6a8ef02116c0689bc25516,https://chainz.cryptoid.info/ltc/tx.dws?e50bfe46cd4408a9aed187864f4673f964b9685c8f6a8ef02116c0689bc25516,
Mon Oct 16 2017 22:33:05 GMT+0300 (שעון קיץ ירושלים),deposit,,,,,,,13.0650597,LTC,711eba67636ea3f3eb2fdf1138b32beb93b792b54cbdee0ac59d53401254baeb,https://chainz.cryptoid.info/ltc/tx.dws?711eba67636ea3f3eb2fdf1138b32beb93b792b54cbdee0ac59d53401254baeb,
Sat Nov 04 2017 09:12:14 GMT+0200 (שעון רגיל ירושלים),withdrawal,-0.23644962,LTC,-0.002147,LTC,f22d13a0247b0aa00b40d55772ec068626d0937f185425bf8b05e8e521ccfef8,https://chainz.cryptoid.info/ltc/tx.dws?f22d13a0247b0aa00b40d55772ec068626d0937f185425bf8b05e8e521ccfef8,,,,,
Sat Nov 04 2017 09:23:00 GMT+0200 (שעון רגיל ירושלים),deposit,,,,,,,0.00104701,BTC,c713fbfb56d30ae4e7eb748cfed9fd633148ff794a52fca0fce5706db0c2422b,https://blockstream.info/tx/c713fbfb56d30ae4e7eb748cfed9fd633148ff794a52fca0fce5706db0c2422b,
Sat Nov 04 2017 09:23:01 GMT+0200 (שעון רגיל ירושלים),withdrawal,-0.00043907,BTC,-0.00060794,BTC,79d9ba444c19c6681fb1b3c3def97194a6569abdae9ec1c9be88856191cbfaf2,https://blockstream.info/tx/79d9ba444c19c6681fb1b3c3def97194a6569abdae9ec1c9be88856191cbfaf2,,,,,
Fri Nov 10 2017 20:37:25 GMT+0200 (שעון רגיל ירושלים),withdrawal,-0.1,LTC,-0.002128,LTC,814d719f6035dad650f40e1633b14228207ffbf0c7c03ff40dc054f08f4d02e9,https://chainz.cryptoid.info/ltc/tx.dws?814d719f6035dad650f40e1633b14228207ffbf0c7c03ff40dc054f08f4d02e9,,,,,
Fri Nov 10 2017 20:48:21 GMT+0200 (שעון רגיל ירושלים),deposit,,,,,,,0.099,LTC,864fc3e6b06baf1ee767eb89056b7d0b8f574f5adcbf9e83f7b393b2f3a91065,https://chainz.cryptoid.info/ltc/tx.dws?864fc3e6b06baf1ee767eb89056b7d0b8f574f5adcbf9e83f7b393b2f3a91065,
Fri Nov 10 2017 20:50:51 GMT+0200 (שעון רגיל ירושלים),withdrawal,-0.1,LTC,-0.002128,LTC,603b1583b0192c694a1b8325c2b683c66e272c6ad81cd1906eb16ae3a78f4d55,https://chainz.cryptoid.info/ltc/tx.dws?603b1583b0192c694a1b8325c2b683c66e272c6ad81cd1906eb16ae3a78f4d55,,,,,
Fri Nov 10 2017 20:54:11 GMT+0200 (שעון רגיל ירושלים),withdrawal,-10,LTC,-0.00494,LTC,2a31d2470644391e0e26d4189c9b058e4380a62c1acc6db285dec461725cedd0,https://chainz.cryptoid.info/ltc/tx.dws?2a31d2470644391e0e26d4189c9b058e4380a62c1acc6db285dec461725cedd0,,,,,
Fri Nov 10 2017 21:00:33 GMT+0200 (שעון רגיל ירושלים),withdrawal,-10,LTC,-0.002128,LTC,c65704d5b512df45ac3dee68ed09fdeda706ef8c644bf0d517838defdf8c40e9,https://chainz.cryptoid.info/ltc/tx.dws?c65704d5b512df45ac3dee68ed09fdeda706ef8c644bf0d517838defdf8c40e9,,,,,
Fri Nov 10 2017 21:06:47 GMT+0200 (שעון רגיל ירושלים),withdrawal,-17.18308202,LTC,-0.004959,LTC,b1f57cb400474a8353c4872d6a31ca4a687b0c2ff2a1bb3584f69abb48a8687e,https://chainz.cryptoid.info/ltc/tx.dws?b1f57cb400474a8353c4872d6a31ca4a687b0c2ff2a1bb3584f69abb48a8687e,,,,,
Fri Nov 10 2017 21:36:26 GMT+0200 (שעון רגיל ירושלים),withdrawal,-0.01,DASH,-0.000113,DASH,bcfc609280c821b107bb42c5b98087967221244a5b18cd0571c60434960fef95,https://insight.dashevo.org/insight/tx/bcfc609280c821b107bb42c5b98087967221244a5b18cd0571c60434960fef95,,,,,
Fri Nov 10 2017 21:48:53 GMT+0200 (שעון רגיל ירושלים),withdrawal,-1,DASH,-0.000261,DASH,8e6f872d00f18d2cba6bb0547fa47423b2d88eeeb7607f66a4f98fc0f80d662a,https://insight.dashevo.org/insight/tx/8e6f872d00f18d2cba6bb0547fa47423b2d88eeeb7607f66a4f98fc0f80d662a,,,,,
Fri Nov 10 2017 21:54:26 GMT+0200 (שעון רגיל ירושלים),withdrawal,-2,DASH,-0.000113,DASH,b2766533fb9623f32e158cb1d351b64bc2c461e7068f7b1fb7ecbc6d6b0f4180,https://insight.dashevo.org/insight/tx/b2766533fb9623f32e158cb1d351b64bc2c461e7068f7b1fb7ecbc6d6b0f4180,,,,,
Fri Nov 10 2017 22:00:46 GMT+0200 (שעון רגיל ירושלים),withdrawal,-1.77925264,DASH,-0.000113,DASH,c358d60a38a1f3e8ede708e7244ff737ffefde699d03ad442fb2a88a04f9caf6,https://insight.dashevo.org/insight/tx/c358d60a38a1f3e8ede708e7244ff737ffefde699d03ad442fb2a88a04f9caf6,,,,,
Sat Nov 11 2017 17:21:36 GMT+0200 (שעון רגיל ירושלים),deposit,,,,,,,0.099,LTC,a4b848cc28acf5c923916ead9ad29e2ca30c7d1cae9cc79e42a34b05a67423c3,https://chainz.cryptoid.info/ltc/tx.dws?a4b848cc28acf5c923916ead9ad29e2ca30c7d1cae9cc79e42a34b05a67423c3,
Sat Nov 11 2017 17:21:37 GMT+0200 (שעון רגיל ירושלים),withdrawal,-0.096853,LTC,-0.002147,LTC,da96547f8a29392559dfcd84465158effde5a68c91b185d6982520cac716cad4,https://chainz.cryptoid.info/ltc/tx.dws?da96547f8a29392559dfcd84465158effde5a68c91b185d6982520cac716cad4,,,,,
Sat Nov 11 2017 17:30:37 GMT+0200 (שעון רגיל ירושלים),deposit,,,,,,,0.999,LTC,fde423be6fe2e722d0d3f82e88df99d8123b59884d68b93a19232bdc349d9a09,https://chainz.cryptoid.info/ltc/tx.dws?fde423be6fe2e722d0d3f82e88df99d8123b59884d68b93a19232bdc349d9a09,
Sat Nov 11 2017 17:35:56 GMT+0200 (שעון רגיל ירושלים),deposit,,,,,,,0.04,DASH,aaea5e874a167755cb96ed9202317af48dcb280658f2be60447bf9723f13b3de,https://insight.dashevo.org/insight/tx/aaea5e874a167755cb96ed9202317af48dcb280658f2be60447bf9723f13b3de,
Sat Nov 11 2017 17:38:48 GMT+0200 (שעון רגיל ירושלים),deposit,,,,,,,1.999,LTC,e1939e89b157aa4005faca6637a779bc81e8a144e33456495a3adda0c4149e46,https://chainz.cryptoid.info/ltc/tx.dws?e1939e89b157aa4005faca6637a779bc81e8a144e33456495a3adda0c4149e46,
Sat Nov 11 2017 17:44:18 GMT+0200 (שעון רגיל ירושלים),deposit,,,,,,,1.999,LTC,fa9646bb573ce2a50758bf8e3d2f6e557689755e321c4bdd3f09971a4b92a6c1,https://chainz.cryptoid.info/ltc/tx.dws?fa9646bb573ce2a50758bf8e3d2f6e557689755e321c4bdd3f09971a4b92a6c1,
Sat Nov 11 2017 17:59:27 GMT+0200 (שעון רגיל ירושלים),deposit,,,,,,,1.999,LTC,8a83eb5d751145adc3ba8540edd4d04237abe8dd49e6a7154c2ebe369ce6b6e3,https://chainz.cryptoid.info/ltc/tx.dws?8a83eb5d751145adc3ba8540edd4d04237abe8dd49e6a7154c2ebe369ce6b6e3,
Sat Nov 11 2017 18:10:43 GMT+0200 (שעון רגיל ירושלים),deposit,,,,,,,1.999,LTC,bfb37f9fa5246c47440046f8707f6be7027a7b7e8ec185bc649812f55a6b6ad6,https://chainz.cryptoid.info/ltc/tx.dws?bfb37f9fa5246c47440046f8707f6be7027a7b7e8ec185bc649812f55a6b6ad6,
Sat Nov 11 2017 18:27:03 GMT+0200 (שעון רגיל ירושלים),deposit,,,,,,,2.33133343,LTC,1a77802a38dc3d33191bb96bc330517b74efb75c45068fb84029a68af2e22a0e,https://chainz.cryptoid.info/ltc/tx.dws?1a77802a38dc3d33191bb96bc330517b74efb75c45068fb84029a68af2e22a0e,
Sat Nov 11 2017 22:29:16 GMT+0200 (שעון רגיל ירושלים),withdrawal,-0.03941261,DASH,-0.000113,DASH,64740e0a953fe2713a8e9d482425a7f573c9d64d46caf11a29534fd7507d333a,https://insight.dashevo.org/insight/tx/64740e0a953fe2713a8e9d482425a7f573c9d64d46caf11a29534fd7507d333a,,,,,
Sat Nov 11 2017 22:37:53 GMT+0200 (שעון רגיל ירושלים),withdrawal,-0.1,LTC,-0.002128,LTC,f90e4bfe3ebc5903ce96ea1d4d0edeeb005adbec654f6a7b867209b7aa71e843,https://chainz.cryptoid.info/ltc/tx.dws?f90e4bfe3ebc5903ce96ea1d4d0edeeb005adbec654f6a7b867209b7aa71e843,,,,,
Sat Nov 11 2017 22:42:18 GMT+0200 (שעון רגיל ירושלים),withdrawal,-5,LTC,-0.00494,LTC,975e51bf27c7a02032595948ffa0c6286671fab9349b5fe3b786e166f417f834,https://chainz.cryptoid.info/ltc/tx.dws?975e51bf27c7a02032595948ffa0c6286671fab9349b5fe3b786e166f417f834,,,,,
Sat Nov 11 2017 22:48:08 GMT+0200 (שעון רגיל ירושלים),withdrawal,-6.21290043,LTC,-0.006365,LTC,c5401f7210ee4f8120072139ba5b5bdbb601b3e8eccd4718fa3aaa5bdce0d200,https://chainz.cryptoid.info/ltc/tx.dws?c5401f7210ee4f8120072139ba5b5bdbb601b3e8eccd4718fa3aaa5bdce0d200,,,,,
Mon Nov 13 2017 06:07:33 GMT+0200 (שעון רגיל ירושלים),deposit,,,,,,,0.01364071,ETH,0xb78ed5a0ffae025e608a00d9b931886e0ac1584916b98f830a5e24f6fb6465d9,https://etherscan.io/tx/0xb78ed5a0ffae025e608a00d9b931886e0ac1584916b98f830a5e24f6fb6465d9,
Mon Nov 13 2017 06:12:20 GMT+0200 (שעון רגיל ירושלים),withdrawal,-51.60536613,REP,-0.00074626,ETH,0x098586aca62e499365d99a609fa32c57db03bcaaa71a56cb1350b48afa203011,https://etherscan.io/tx/0x098586aca62e499365d99a609fa32c57db03bcaaa71a56cb1350b48afa203011,,,,,
Mon Nov 13 2017 06:14:20 GMT+0200 (שעון רגיל ירושלים),deposit,,,,,,,2.03624889,DASH,29c9507e080435a3d7e39f13d005ca99a3e73235661af9f1853d61b9987a5377,https://insight.dashevo.org/insight/tx/29c9507e080435a3d7e39f13d005ca99a3e73235661af9f1853d61b9987a5377,
Mon Nov 13 2017 06:21:01 GMT+0200 (שעון רגיל ירושלים),withdrawal,-101.6260163,GNT,-0.00103568,ETH,0x05dd37afbe940dd2e58534860475bbb5b5161565e24b510e72b4ac6a563b350d,https://etherscan.io/tx/0x05dd37afbe940dd2e58534860475bbb5b5161565e24b510e72b4ac6a563b350d,,,,,
Mon Nov 13 2017 07:21:08 GMT+0200 (שעון רגיל ירושלים),withdrawal,-49.62779156,GNT,-0.00103568,ETH,0xc6342882495002c954d9e0ff0e12e7d36c8779a253139ad00cc33d3c6f86e635,https://etherscan.io/tx/0xc6342882495002c954d9e0ff0e12e7d36c8779a253139ad00cc33d3c6f86e635,,,,,
Tue Nov 14 2017 06:37:20 GMT+0200 (שעון רגיל ירושלים),withdrawal,-0.1,DASH,-0.000113,DASH,870bf41afeeb25974f8bce531b5d6202d9de24005bd8f1c3b05231f185b355b1,https://insight.dashevo.org/insight/tx/870bf41afeeb25974f8bce531b5d6202d9de24005bd8f1c3b05231f185b355b1,,,,,
Tue Nov 14 2017 06:41:26 GMT+0200 (שעון רגיל ירושלים),withdrawal,-1.93642328,DASH,-0.000187,DASH,676e6ba79b1f15adbdf8ed780b1e35cf37b8a0d42dac90b059deb0ec4cc7aa0d,https://insight.dashevo.org/insight/tx/676e6ba79b1f15adbdf8ed780b1e35cf37b8a0d42dac90b059deb0ec4cc7aa0d,,,,,
Tue Nov 14 2017 21:14:43 GMT+0200 (שעון רגיל ירושלים),deposit,,,,,,,0.01789806,ETH,0xe062a5bc80df32e603e84280d7297201d2cae357dbf04f16f9e87fad25943540,https://etherscan.io/tx/0xe062a5bc80df32e603e84280d7297201d2cae357dbf04f16f9e87fad25943540,
Wed Nov 15 2017 06:25:06 GMT+0200 (שעון רגיל ירושלים),withdrawal,-3907.346748,GNT,-0.00103696,ETH,0x057e66e05daff80548399b2e42a0555c0b7911f214f4bd030bbb0160258ef3fe,https://etherscan.io/tx/0x057e66e05daff80548399b2e42a0555c0b7911f214f4bd030bbb0160258ef3fe,,,,,
Wed Nov 15 2017 06:27:02 GMT+0200 (שעון רגיל ירושלים),deposit,,,,,,,2.40905526,ETH,0xd21c88c4c039a60cf0d4cc0a33b3aaffd4700b7d91b38a0b48a86d4c4126f40f,https://etherscan.io/tx/0xd21c88c4c039a60cf0d4cc0a33b3aaffd4700b7d91b38a0b48a86d4c4126f40f,
Thu Nov 16 2017 05:57:49 GMT+0200 (שעון רגיל ירושלים),withdrawal,-0.009137705,ETH,-0.00042,ETH,0xec5efd62db7c6467b741c7dc6a02838e2f82139f6d48cfa591a615f605597d92,https://etherscan.io/tx/0xec5efd62db7c6467b741c7dc6a02838e2f82139f6d48cfa591a615f605597d92,,,,,
Thu Nov 16 2017 05:59:01 GMT+0200 (שעון רגיל ירושלים),withdrawal,-0.5,ETH,-0.00042,ETH,0x5222ac82cca87b0d6dc876b8b291c83482c50e2cf1b59b223f8ae258a81d3439,https://etherscan.io/tx/0x5222ac82cca87b0d6dc876b8b291c83482c50e2cf1b59b223f8ae258a81d3439,,,,,
Thu Nov 16 2017 06:00:41 GMT+0200 (שעון רגיל ירושלים),withdrawal,-0.5,ETH,-0.00042,ETH,0xe8a58c428a7607556314ca0819f8404b21fa0dd322381c56d2b8d5807088373a,https://etherscan.io/tx/0xe8a58c428a7607556314ca0819f8404b21fa0dd322381c56d2b8d5807088373a,,,,,
Thu Nov 16 2017 06:02:28 GMT+0200 (שעון רגיל ירושלים),withdrawal,-1.415921745,ETH,-0.00042,ETH,0xa1e94c31769ceda146733a8543558f5fc3ae111239cf9d02c8f1d2cf92af13e0,https://etherscan.io/tx/0xa1e94c31769ceda146733a8543558f5fc3ae111239cf9d02c8f1d2cf92af13e0,,,,,
Fri Jan 19 2018 09:31:13 GMT+0200 (שעון רגיל ירושלים),deposit,,,,,,,0.09,LTC,ea803e07076cbbf6e44f3ff2961397577c76ae3241b61e4d2a35bd8f75502b30,https://chainz.cryptoid.info/ltc/tx.dws?ea803e07076cbbf6e44f3ff2961397577c76ae3241b61e4d2a35bd8f75502b30,
Fri Jan 19 2018 09:31:14 GMT+0200 (שעון רגיל ירושלים),withdrawal,-0.087853,LTC,-0.002147,LTC,b0887f8b0049ddac8716b3454855bd7805e19169f4b23a4ac27389eb4074aa27,https://chainz.cryptoid.info/ltc/tx.dws?b0887f8b0049ddac8716b3454855bd7805e19169f4b23a4ac27389eb4074aa27,,,,,
Fri Jan 19 2018 09:39:47 GMT+0200 (שעון רגיל ירושלים),deposit,,,,,,,2.85169482,LTC,15d4bbd1fd7ba54c2f9efb5933c70f6c2c2b5370beb8266986cc4b0b1343091b,https://chainz.cryptoid.info/ltc/tx.dws?15d4bbd1fd7ba54c2f9efb5933c70f6c2c2b5370beb8266986cc4b0b1343091b,
Fri Jan 19 2018 09:39:48 GMT+0200 (שעון רגיל ירושלים),withdrawal,-2.84954782,LTC,-0.002147,LTC,fc78c0da8ccd2775cff78f967c7ebf07625c151d24531fb2a51880bf47d02cb0,https://chainz.cryptoid.info/ltc/tx.dws?fc78c0da8ccd2775cff78f967c7ebf07625c151d24531fb2a51880bf47d02cb0,,,,,
