"txid","refid","time","type","aclass","asset","amount","fee","balance"
"","Q4DJGHU-TTJBTK-DMMUXC","2016-10-28 09:38:52","deposit","currency","XICN",520.0000000000,0.0000000000,""
"LJRZDK-IEHRH-3UFINF","Q4DJGHU-TTJBTK-DMMUXC","2016-10-28 09:45:29","deposit","currency","XICN",520.0000000000,0.0000000000,520.0000000000
"L4LLJJ-CMZ6M-N2GFPJ","T34GR3-SFQEZ-Q3NR53","2016-10-28 09:50:47","trade","currency","XICN",-520.0000000000,0.0000000000,0.0000000000
"LSTINM-IM5NS-HPYWHU","T34GR3-SFQEZ-Q3NR53","2016-10-28 09:50:47","trade","currency","XETH",5.8240000000,0.0151420000,5.8088580000
"","Q4DROK3-K7TCFI-5232DA","2016-10-28 10:11:03","deposit","currency","XICN",1500.0000000000,0.0000000000,""
"LYUV2P-2N4TC-MANPUD","Q4DROK3-K7TCFI-5232DA","2016-10-28 10:17:44","deposit","currency","XICN",1500.0000000000,0.0000000000,1500.0000000000
"L6VNDF-O4PUW-4Q2NYV","T7FQR6-5E4I4-7J63JI","2016-10-28 11:11:12","trade","currency","XICN",-1106.8893222600,0.0000000000,393.1106777400
"LBHP4W-RN3KH-F5P356","T7FQR6-5E4I4-7J63JI","2016-10-28 11:11:12","trade","currency","XETH",12.3860920000,0.0322040000,18.1627460000
"LL7M35-HNKRA-HZY5AP","T73BJF-U2DKB-YP56B5","2016-10-28 11:11:12","trade","currency","XICN",-266.5910000000,0.0000000000,126.5196777400
"L6IUCK-TE35J-TK5RPT","T73BJF-U2DKB-YP56B5","2016-10-28 11:11:12","trade","currency","XETH",2.9644920000,0.0077080000,21.1195300000
"LF34XI-N3KM3-HUK7MN","TNPSK4-ZCOVD-JVABBV","2016-10-28 11:11:12","trade","currency","XICN",-126.5196777400,0.0000000000,0.0000000000
"LSTIQF-TDAE6-RUBQTU","TNPSK4-ZCOVD-JVABBV","2016-10-28 11:11:12","trade","currency","XETH",1.4056340000,0.0036550000,22.5215090000
"","A2BDPCY-RZBEWA-VK3EJX","2016-10-28 11:39:03","withdrawal","currency","XETH",-22.0950000000,0.0050000000,""
"LUOSRC-YUNCC-LA75AU","A2BDPCY-RZBEWA-VK3EJX","2016-10-28 11:51:09","withdrawal","currency","XETH",-22.0950000000,0.0050000000,0.4215090000
"","Q4D6REY-CSUEOK-ORKNOA","2016-11-03 15:31:05","deposit","currency","XICN",2500.2314899300,0.0000000000,""
"L45T3X-KOGFF-CDRBA5","Q4D6REY-CSUEOK-ORKNOA","2016-11-03 15:43:31","deposit","currency","XICN",2500.2314899300,0.0000000000,2500.2314899300
"LBQ7D6-TT7LQ-6RWALX","TTMLIK-NZI6K-YG5BBY","2016-11-03 15:45:57","trade","currency","XICN",-1383.0309286400,0.0000000000,1117.2005612900
"LTYDZR-SW42F-NOHT33","TTMLIK-NZI6K-YG5BBY","2016-11-03 15:45:57","trade","currency","XETH",16.8729770000,0.0438690000,17.2506170000
"LMMLTU-V43JZ-SEI3IE","TYG2XR-JPMX7-FYXL52","2016-11-03 15:45:57","trade","currency","XICN",-116.9690713600,0.0000000000,1000.2314899300
"LJ2N46-GBEXG-G5AY6F","TYG2XR-JPMX7-FYXL52","2016-11-03 15:45:57","trade","currency","XETH",1.4235140000,0.0037010000,18.6704300000
"","A2B4EJB-6ZWZE6-6PWCUR","2016-11-11 00:27:31","withdrawal","currency","XETH",-17.6654300000,0.0050000000,""
"LZHDN5-MYBUP-KWQASL","A2B4EJB-6ZWZE6-6PWCUR","2016-11-11 00:37:04","withdrawal","currency","XETH",-17.6654300000,0.0050000000,1.0000000000
"","Q2CKZXM-JJWYS7-4J3XOM","2016-11-14 15:47:50","deposit","currency","XETH",16.9889150000,0.0000000000,""
"LCBFVU-Z2FJY-WF2RZR","Q2CKZXM-JJWYS7-4J3XOM","2016-11-14 15:48:01","deposit","currency","XETH",16.9889150000,0.0000000000,17.9889150000
"L625RA-LXCFL-QKD2FF","TMAWCW-IPESD-VQOSCD","2016-11-14 19:22:26","trade","currency","XREP",37.5284222600,0.0000000000,37.5284222600
"LSK5J7-CVK4Z-NEECGJ","TMAWCW-IPESD-VQOSCD","2016-11-14 19:22:26","trade","currency","XETH",-17.0000000000,0.0442000000,0.9447150000
"LNI5LL-5TGRE-322CPK","TMMO6T-GADZK-ZEAG4Q","2017-01-09 19:22:09","trade","currency","XICN",-1000.0000000000,0.2314899300,0.0000000000
"LAF2J7-WWNEK-6RHKNO","TMMO6T-GADZK-ZEAG4Q","2017-01-09 19:22:09","trade","currency","XETH",33.1300000000,0.0784690000,33.9962460000
"","A2BA2NV-GWMQ3D-NXGWLF","2017-02-10 15:53:51","withdrawal","currency","XETH",-32.9950000000,0.0050000000,""
"LMY77C-PA2K3-O3ZD3H","A2BA2NV-GWMQ3D-NXGWLF","2017-02-10 16:01:23","withdrawal","currency","XETH",-32.9950000000,0.0050000000,0.9962460000
"","Q4EXK5F-65QEWQ-RME5RC","2017-03-15 11:32:37","deposit","currency","XMLN",10.0000000000,0.0000000000,""
"L6GUUE-OEHLD-6DZDVS","Q4EXK5F-65QEWQ-RME5RC","2017-03-15 11:39:09","deposit","currency","XMLN",10.0000000000,0.0000000000,10.0000000000
"","Q4E3JNI-5UODGT-P2RNQA","2017-03-15 11:51:54","deposit","currency","XMLN",31.0000000000,0.0000000000,""
"LIUMAO-E4PKM-QJ4JTN","Q4E3JNI-5UODGT-P2RNQA","2017-03-15 11:59:32","deposit","currency","XMLN",31.0000000000,0.0000000000,41.0000000000
"LINORO-OX7VC-IGIZLN","TJ7TUV-2OPGL-N6547H","2017-03-30 07:57:22","trade","currency","XMLN",-0.3711000000,0.0000000000,40.6289000000
"LIFZDD-IQ3RS-KAD4X3","TJ7TUV-2OPGL-N6547H","2017-03-30 07:57:22","trade","currency","XXBT",0.0112450700,0.0000292400,0.0112158300
"LVQ3WC-S2DKR-ZX73V2","TVVVIN-T4LFD-GZC7AA","2017-03-30 07:57:22","trade","currency","XMLN",-9.6289000000,0.0000000000,31.0000000000
"LDF3CN-DHVQY-6QW7ZI","TVVVIN-T4LFD-GZC7AA","2017-03-30 07:57:22","trade","currency","XXBT",0.2917556700,0.0007585600,0.3022129400
"","AGBI346-BWCUN4-ODOBYN","2017-03-30 08:05:05","withdrawal","currency","XXBT",-0.2995000000,0.0005000000,""
"LTXSCA-JCORI-5REEME","AGBI346-BWCUN4-ODOBYN","2017-03-30 08:13:32","withdrawal","currency","XXBT",-0.2995000000,0.0005000000,0.0022129400
"","A4CFGET-YQAQO5-6PYLRM","2017-04-30 09:02:04","withdrawal","currency","XREP",-17.5184200000,0.0100000000,""
"LHLGTQ-US2IN-MJKAMS","A4CFGET-YQAQO5-6PYLRM","2017-04-30 09:14:30","withdrawal","currency","XREP",-17.5184200000,0.0100000000,20.0000022600
"LKMNJW-Z6BFQ-R4ECYW","TEX7K6-PBMVQ-O6AYZI","2017-05-23 19:56:17","trade","currency","XREP",-10.0000000000,0.0259974700,9.9740047900
"LZJXZN-XQ3DW-B7I3CG","TEX7K6-PBMVQ-O6AYZI","2017-05-23 19:56:17","trade","currency","XETH",1.7444000000,0.0000000000,2.7406460000
"LYOUF7-UVNGM-SOS76I","TGYAY4-PE5MD-VF5CWS","2017-06-05 10:22:29","trade","currency","XMLN",-9.0633000000,0.0235728400,21.9131271600
"L5ZYUR-XHMHH-R6Q654","TGYAY4-PE5MD-VF5CWS","2017-06-05 10:22:29","trade","currency","XETH",2.3248270800,0.0000000000,5.0654730800
"LR6K5J-EDSCK-YK5VZV","TS2JDH-UGHHP-GEIWGZ","2017-06-05 10:22:29","trade","currency","XMLN",-0.9367000000,0.0024354100,20.9739917500
"LH3GYG-3EEOH-N4DK65","TS2JDH-UGHHP-GEIWGZ","2017-06-05 10:22:29","trade","currency","XETH",0.2401886100,0.0000000000,5.3056616900
"","A2BBNFH-SNUVH5-4P6Z56","2017-06-12 13:21:01","withdrawal","currency","XETH",-4.9950000000,0.0050000000,""
"LBIJN4-ANS2Z-LHRRO6","A2BBNFH-SNUVH5-4P6Z56","2017-06-12 13:42:23","withdrawal","currency","XETH",-4.9950000000,0.0050000000,0.3056616900
"LED3AL-6TC2M-GBNSZN","LA2B7C7-ASPR3-HNHIIX","2017-08-01 16:04:12","transfer","currency","BCH",0.0022129400,0.0000000000,0.0022129400
"","QGBJSRA-2KKQO3-UHGCZO","2017-10-22 10:47:37","deposit","currency","XXBT",0.5000000000,0.0000000000,""
"","QGBKYNT-VXKWV2-LCEJEQ","2017-10-22 11:48:42","deposit","currency","XXBT",1.0000000000,0.0000000000,""
"LLWFN4-P7B32-VEMPYT","QGBJSRA-2KKQO3-UHGCZO","2017-10-22 11:59:09","deposit","currency","XXBT",0.5000000000,0.0000000000,0.5022129400
"LEO7CS-KYEKA-IRFGZX","QGBKYNT-VXKWV2-LCEJEQ","2017-10-22 12:42:44","deposit","currency","XXBT",1.0000000000,0.0000000000,1.5022129400
"LVQ5FR-JIINJ-6FVMVC","THDAYY-52RC3-LXIE52","2017-10-22 13:26:58","trade","currency","XXBT",-0.0326833400,0.0000000000,1.4695296000
"LFEYB3-MZ57U-J5YVD5","THDAYY-52RC3-LXIE52","2017-10-22 13:26:58","trade","currency","ZEUR",162.9591,0.4237,162.5354
"LWUFDU-XO2VR-UK5G2Z","TSVWJT-4KYOK-S5672P","2017-10-22 13:26:59","trade","currency","XXBT",-0.0092030600,0.0000000000,1.4603265400
"LAZUM4-F4NUD-5CTYHY","TSVWJT-4KYOK-S5672P","2017-10-22 13:26:59","trade","currency","ZEUR",45.8791,0.1193,208.2952
"LC4KNZ-TAYAJ-HLIUNZ","TI3JYC-LSSQ2-Z3E6MI","2017-10-22 13:27:18","trade","currency","XXBT",-0.0297017200,0.0000000000,1.4306248200
"LI3552-LCQ3H-CRHKIE","TI3JYC-LSSQ2-Z3E6MI","2017-10-22 13:27:18","trade","currency","ZEUR",148.0660,0.2369,356.1243
"LDSLO5-QZY5G-HUJWHB","TYLNIW-SZAWV-XSUFYE","2017-10-22 13:27:23","trade","currency","XXBT",-0.0026000000,0.0000000000,1.4280248200
"L7L6AG-PWQXC-HCBO7D","TYLNIW-SZAWV-XSUFYE","2017-10-22 13:27:23","trade","currency","ZEUR",12.9613,0.0207,369.0649
"LPPOJG-UNXGX-VKOQVQ","T2HFKM-VCHQY-UKCL2A","2017-10-22 13:27:35","trade","currency","XXBT",-0.0470000000,0.0000000000,1.3810248200
"LOIPH5-LFHG6-DKB3I7","T2HFKM-VCHQY-UKCL2A","2017-10-22 13:27:36","trade","currency","ZEUR",234.2997,0.3749,602.9897
"LXZ5TI-RDS4G-K4JY7D","TV22DT-Z76QQ-MYY73F","2017-10-22 13:27:36","trade","currency","XXBT",-0.0110000000,0.0000000000,1.3700248200
"LF2O7U-IYWGB-PSEBST","TV22DT-Z76QQ-MYY73F","2017-10-22 13:27:36","trade","currency","ZEUR",54.8361,0.0877,657.7381
"L5KLPT-S5BPQ-DLVBJJ","TOXHGH-FRD7Z-NJ5L3S","2017-10-22 13:27:47","trade","currency","XXBT",-0.0460611000,0.0000000000,1.3239637200
"LBLXKZ-4P54C-IAHGTK","TOXHGH-FRD7Z-NJ5L3S","2017-10-22 13:27:47","trade","currency","ZEUR",229.6192,0.3674,886.9899
"LR2SEI-J6OXB-DZV2J5","TSWIH2-5375T-XCKROH","2017-10-22 13:27:59","trade","currency","XXBT",-0.0053624200,0.0000000000,1.3186013000
"L35TQC-UGZQO-RV3ANX","TSWIH2-5375T-XCKROH","2017-10-22 13:27:59","trade","currency","ZEUR",26.7322,0.0428,913.6793
"LGDQOU-X3VZR-N23ADP","T5UQ7K-OL6T4-HMIFAO","2017-10-22 13:28:11","trade","currency","XXBT",-0.0034217500,0.0000000000,1.3151795500
"L7XQWO-HGGCV-EP7EK7","T5UQ7K-OL6T4-HMIFAO","2017-10-22 13:28:11","trade","currency","ZEUR",17.0578,0.0273,930.7098
"LSMB5K-SXYGB-DSVFG2","TX3ZR5-MLE2D-QJLZEA","2017-10-22 13:28:11","trade","currency","XXBT",-0.0370688200,0.0000000000,1.2781107300
"LGK2HU-JWI7Z-23JYNE","TX3ZR5-MLE2D-QJLZEA","2017-10-22 13:28:11","trade","currency","ZEUR",184.7918,0.2957,1115.2059
"LDJF6A-NQVNF-YIHM67","TWY7PC-ADKFA-QNASLQ","2017-10-22 13:28:27","trade","currency","XXBT",-0.0366935600,0.0000000000,1.2414171700
"LFMWEB-4O37P-QAZDIK","TWY7PC-ADKFA-QNASLQ","2017-10-22 13:28:27","trade","currency","ZEUR",182.9211,0.2927,1297.8343
"LPAEZK-N7NCQ-OXMRK2","TDESDL-M3CKB-XGD3Z3","2017-10-22 13:28:33","trade","currency","XXBT",-1.2392042300,0.0000000000,0.0022129400
"LEOWML-ILSLP-LSQRFR","TDESDL-M3CKB-XGD3Z3","2017-10-22 13:28:33","trade","currency","ZEUR",6177.5570,9.8841,7465.5072
"","QGBFTHZ-GNRK3R-PKEP44","2017-10-22 13:42:57","deposit","currency","XXBT",0.5000000000,0.0000000000,""
"LPJU5F-PV7F6-D5LYKF","QGBFTHZ-GNRK3R-PKEP44","2017-10-22 14:45:13","deposit","currency","XXBT",0.5000000000,0.0000000000,0.5022129400
"LFA7VL-A7AH2-E6ABU2","TM4Y3W-JRC3Z-ESHYFA","2017-10-22 15:22:19","trade","currency","XXBT",-0.0225695800,0.0000586800,0.4795846800
"LM25CL-ISQ3Z-AH6Y5J","TM4Y3W-JRC3Z-ESHYFA","2017-10-22 15:22:19","trade","currency","ZEUR",114.7663,0.0000,7580.2735
"LLBWOV-VWGQZ-SXURFR","TTQ7JA-7OSLL-JQJYE4","2017-10-22 15:22:25","trade","currency","XXBT",-0.4774304200,0.0012425100,0.0009117500
"LYZKOK-JJVOX-FROYK7","TTQ7JA-7OSLL-JQJYE4","2017-10-22 15:22:25","trade","currency","ZEUR",2428.6408,0.0000,10008.9143
"","QGBJV7N-6ZC7UU-LD4W3V","2017-10-25 14:41:51","deposit","currency","XXBT",0.5990000000,0.0000000000,""
"","QGB6QVS-6MN32I-NH7CSB","2017-10-25 15:02:53","deposit","currency","XXBT",0.9990000000,0.0000000000,""
"LMFUOZ-WXUVK-QDDQLN","QGBJV7N-6ZC7UU-LD4W3V","2017-10-25 15:37:04","deposit","currency","XXBT",0.5990000000,0.0000000000,0.5999117500
"LPHQON-BDMRS-RT2JD2","QGB6QVS-6MN32I-NH7CSB","2017-10-25 15:50:15","deposit","currency","XXBT",0.9990000000,0.0000000000,1.5989117500
"LIDGJS-7WUGS-A7GHIO","TRFALF-4FHVV-MTDQH6","2017-10-25 16:03:52","trade","currency","XXBT",-0.6206297900,0.0000000000,0.9782819600
"LXP7LE-73YVY-G4VXRO","TRFALF-4FHVV-MTDQH6","2017-10-25 16:03:52","trade","currency","ZEUR",2927.2625,4.6836,12931.4932
"L25FDA-JRK3O-YJLTJF","TJLF73-7MEQX-B6DT3E","2017-10-25 16:04:49","trade","currency","XXBT",-0.2488498300,0.0000000000,0.7294321300
"LYMNEH-6GE4W-PLENZT","TJLF73-7MEQX-B6DT3E","2017-10-25 16:04:49","trade","currency","ZEUR",1173.7251,1.8780,14103.3403
"LZMNW5-R37JM-5H6UH2","TAWMIZ-Q7FBQ-OYI6CO","2017-10-25 16:04:49","trade","currency","XXBT",-0.1645140300,0.0000000000,0.5649181000
"LYX7ZA-OS3WR-6EW6ON","TAWMIZ-Q7FBQ-OYI6CO","2017-10-25 16:04:49","trade","currency","ZEUR",775.9469,1.2415,14878.0457
"L6Q5S4-IZZQI-CJEU56","TEZJ76-YQ4NE-CQW3YU","2017-10-25 16:04:49","trade","currency","XXBT",-0.0660063500,0.0000000000,0.4989117500
"LO4A4P-4J7CV-NEWEHO","TEZJ76-YQ4NE-CQW3YU","2017-10-25 16:04:49","trade","currency","ZEUR",311.3256,0.4981,15188.8732
"","QGBZ77B-YHY7WU-FE5AJG","2017-11-02 17:35:32","deposit","currency","XXBT",0.7000000000,0.0000000000,""
"LG3UTR-A3J2J-CQZ4FE","QGBZ77B-YHY7WU-FE5AJG","2017-11-02 18:27:56","deposit","currency","XXBT",0.7000000000,0.0000000000,1.1989117500
"LT3JRA-WH6C2-M23TTP","TV5QUD-QGJJL-2Q3OZL","2017-11-02 18:30:57","trade","currency","XXBT",-0.0049100000,0.0000000000,1.1940017500
"LOCBIU-PFLYN-3ISCTR","TV5QUD-QGJJL-2Q3OZL","2017-11-02 18:30:57","trade","currency","ZEUR",29.2636,0.0761,15218.0607
"L7IUF3-BOABX-TDMGYC","TQIBN4-D73SE-PS5WTQ","2017-11-02 18:30:57","trade","currency","XXBT",-0.0050368500,0.0000000000,1.1889649000
"LXNGK3-5BCNE-XAA42Q","TQIBN4-D73SE-PS5WTQ","2017-11-02 18:30:57","trade","currency","ZEUR",30.0000,0.0780,15247.9827
"LC6PNP-533M5-HI3FUQ","T6OLI2-HDEV2-4GRI3X","2017-11-02 18:30:57","trade","currency","XXBT",-0.3800531500,0.0000000000,0.8089117500
"LPJNRT-ZF2PG-2NO3VA","T6OLI2-HDEV2-4GRI3X","2017-11-02 18:30:57","trade","currency","ZEUR",2263.5966,5.8854,17505.6939
"LN4D5G-3TPFD-DPYFZ3","TLOS3M-ONUSD-566I5V","2017-11-14 15:38:28","trade","currency","XXBT",-0.1030587500,0.0000000000,0.7058530000
"LP6G7N-HHNC2-QHVF7X","TLOS3M-ONUSD-566I5V","2017-11-14 15:38:28","trade","currency","ZEUR",583.3125,1.5166,18087.4898
"LHIPXI-WGZ4V-MFDKOL","TXVR5U-7OCVB-RMGKM7","2017-11-14 15:38:29","trade","currency","XXBT",-0.0300000000,0.0000000000,0.6758530000
"LWMXE7-DG5U6-YDEWYZ","TXVR5U-7OCVB-RMGKM7","2017-11-14 15:38:29","trade","currency","ZEUR",169.8000,0.4415,18256.8483
"LOCOG2-LS53S-4J7BS6","TDMG3O-RG26G-3EDVSV","2017-11-14 15:38:29","trade","currency","XXBT",-0.0997809000,0.0000000000,0.5760721000
"LX6EVU-6POW2-G3TLYX","TDMG3O-RG26G-3EDVSV","2017-11-14 15:38:29","trade","currency","ZEUR",564.7599,1.4684,18820.1398
"LOK3DE-YVJRQ-W5K25K","TKIWEE-KDWOF-FNATNS","2017-11-14 15:38:29","trade","currency","XXBT",-0.1742000000,0.0000000000,0.4018721000
"LY76LG-LZEBU-VAKRH4","TKIWEE-KDWOF-FNATNS","2017-11-14 15:38:29","trade","currency","ZEUR",985.9720,2.5635,19803.5483
"LI6PRC-7JLBG-YZ2ZIZ","TOVEUY-CNWAO-BYC74O","2017-11-14 15:38:29","trade","currency","XXBT",-0.3929603500,0.0000000000,0.0089117500
"LZKXJG-CUP7C-ILUZFB","TOVEUY-CNWAO-BYC74O","2017-11-14 15:38:29","trade","currency","ZEUR",2224.1556,5.7828,22021.9211
"LJ44SX-LGZVJ-NR7GC3","T6UUSC-WRNXS-P4YWPG","2017-11-21 19:58:49","trade","currency","XREP",-1.0826162300,0.0000000000,8.8913885600
"LSIXRI-AE3KK-27X4UV","T6UUSC-WRNXS-P4YWPG","2017-11-21 19:58:49","trade","currency","XETH",0.0624020000,0.0001620000,0.3679016900
"LVUAYZ-U32VV-B5TUQ5","TGYGWS-LVV7U-IY7DHU","2017-11-21 19:58:49","trade","currency","XREP",-7.3232945600,0.0000000000,1.5680940000
"LPOJ4U-6657D-QNSO6A","TGYGWS-LVV7U-IY7DHU","2017-11-21 19:58:49","trade","currency","XETH",0.4218950000,0.0010970000,0.7886996900
"LYWYDE-AQWU2-XMCA5E","TSDOGA-33WJU-3TCK6T","2017-11-21 19:58:49","trade","currency","XREP",-0.5940892100,0.0000000000,0.9740047900
"LEUJ3Y-AN3XO-EC3OK2","TSDOGA-33WJU-3TCK6T","2017-11-21 19:58:49","trade","currency","XETH",0.0342200000,0.0000890000,0.8228306900
"","ACC6DVV-TUUKP4-LGWBX3","2017-12-23 11:32:48","withdrawal","currency","ZEUR",-11928.9100,0.0900,""
"LDSETB-WTYNI-SR24LA","TFUGMO-SJ6KA-D7YROA","2017-12-27 20:46:15","trade","currency","XMLN",-1.8000000000,0.0000000000,19.1739917500
"LO3IYZ-C7KJS-VMDJHC","TFUGMO-SJ6KA-D7YROA","2017-12-27 20:46:15","trade","currency","XXBT",0.0148788000,0.0000386800,0.0237518700
"LITPAU-OIMVR-XTFK6P","TKVKII-X4O5O-IBGEYC","2017-12-27 20:46:15","trade","currency","XMLN",-1.0212373000,0.0000000000,18.1527544500
"LPZ5PF-VSXWG-DM55BP","TKVKII-X4O5O-IBGEYC","2017-12-27 20:46:15","trade","currency","XXBT",0.0083956000,0.0000218200,0.0321256500
"LDLV6Q-G2ODI-RTX6CG","TG74FL-CC4AX-ZF6RO5","2017-12-27 20:46:15","trade","currency","XMLN",-2.0690964000,0.0000000000,16.0836580500
"LD54OY-JFXYV-53LFLJ","TG74FL-CC4AX-ZF6RO5","2017-12-27 20:46:15","trade","currency","XXBT",0.0170059000,0.0000442200,0.0490873300
"L7VCBR-SR7J3-RV75LH","TUZDGV-Y4JAU-DY5677","2017-12-27 20:46:15","trade","currency","XMLN",-9.0000000000,0.0000000000,7.0836580500
"LPKUWV-AK3M6-L4KQ34","TUZDGV-Y4JAU-DY5677","2017-12-27 20:46:15","trade","currency","XXBT",0.0739620000,0.0001923000,0.1228570300
"LF7B74-ZJPFO-EKNRXE","TYK65O-HVMOC-N54BOY","2017-12-27 20:46:15","trade","currency","XMLN",-1.5000000000,0.0000000000,5.5836580500
"LEQSIQ-UVHWT-VSLDAC","TYK65O-HVMOC-N54BOY","2017-12-27 20:46:15","trade","currency","XXBT",0.0123225000,0.0000320400,0.1351474900
"LL7X5N-UQTO6-ACZMDV","TKK2WH-WRQRO-G6QMJE","2017-12-27 20:46:21","trade","currency","XMLN",-1.2345635200,0.0000000000,4.3490945300
"LTJ64Q-FAY62-AWEBO6","TKK2WH-WRQRO-G6QMJE","2017-12-27 20:46:21","trade","currency","XXBT",0.0101246600,0.0000263200,0.1452458300
"LRYGQA-VHSDN-AM63V3","T5XARV-IZ34E-MUM4MV","2017-12-27 20:46:22","trade","currency","XMLN",-0.2453900000,0.0000000000,4.1037045300
"LP22PA-272M4-2CJ2HK","T5XARV-IZ34E-MUM4MV","2017-12-27 20:46:22","trade","currency","XXBT",0.0019999300,0.0000052000,0.1472405600
"LIJ7W2-VKUMA-MF6MQB","TSHRCL-OYABG-OYZQPY","2017-12-27 20:46:22","trade","currency","XMLN",-1.2800000000,0.0000000000,2.8237045300
"LELKM4-QVHPV-PYDEX3","TSHRCL-OYABG-OYZQPY","2017-12-27 20:46:22","trade","currency","XXBT",0.0103820800,0.0000269900,0.1575956500
"LMRU6H-7KWT3-C7DKFT","TYQ5KL-RZX2G-SH7OFS","2017-12-27 20:46:22","trade","currency","XMLN",-1.8497127800,0.0000000000,0.9739917500
"L73J7E-K7OCG-P4CFS4","TYQ5KL-RZX2G-SH7OFS","2017-12-27 20:46:22","trade","currency","XXBT",0.0149105300,0.0000387700,0.1724674100
"","QGBT7PA-52A7SS-QZ3IGT","2017-12-27 20:54:11","deposit","currency","XXBT",0.9351353200,0.0000000000,""
"LQB5WH-GFQOB-5DPJWO","QGBT7PA-52A7SS-QZ3IGT","2017-12-27 21:57:15","deposit","currency","XXBT",0.9351353200,0.0000000000,1.1076027300
"LOQBCR-HCRFZ-SK5QHI","TJWWAB-45RPQ-J4SCLR","2017-12-27 22:13:03","trade","currency","XXBT",-0.0493600000,0.0000000000,1.0582427300
"LUD4BV-S75NR-CMYO6S","TJWWAB-45RPQ-J4SCLR","2017-12-27 22:13:03","trade","currency","ZEUR",631.8179,1.6427,22652.0963
"LVLYQF-BOL7Y-ZTHW72","TI6VU6-R7J5O-OOKLWC","2017-12-27 22:13:03","trade","currency","XXBT",-0.0770000000,0.0000000000,0.9812427300
"LTLEBM-W3AAT-X377Q2","TI6VU6-R7J5O-OOKLWC","2017-12-27 22:13:03","trade","currency","ZEUR",985.6077,2.5626,23635.1414
"LAGIYI-ZDPMD-A65DQL","TVTJKR-6FXQT-E7HBZN","2017-12-27 22:13:03","trade","currency","XXBT",-0.0251800000,0.0000000000,0.9560627300
"LPHO25-XBMHR-XQWLWI","TVTJKR-6FXQT-E7HBZN","2017-12-27 22:13:03","trade","currency","ZEUR",322.3040,0.8380,23956.6074
"LAP7NA-WOGI5-Q33OVG","T3MY5K-CGKWV-UUIYDX","2017-12-27 22:13:03","trade","currency","XXBT",-0.3000000000,0.0000000000,0.6560627300
"L3OEY3-JSWAX-A7HUEV","T3MY5K-CGKWV-UUIYDX","2017-12-27 22:13:03","trade","currency","ZEUR",3837.0300,9.9763,27783.6611
"LIFGTM-XFROD-HA5IGN","TEFIB4-XS5SS-O6SYWG","2017-12-27 22:13:03","trade","currency","XXBT",-0.4000000000,0.0000000000,0.2560627300
"LPHTBA-S6P5X-WTFAYZ","TEFIB4-XS5SS-O6SYWG","2017-12-27 22:13:03","trade","currency","ZEUR",5116.0000,13.3016,32886.3595
"LSTAX2-A4EPM-3E6K6T","TV7L5Y-ZGD3R-VDJKMO","2017-12-27 22:13:04","trade","currency","XXBT",-0.0243692400,0.0000000000,0.2316934900
"LONK7K-XV67I-OCHUZX","TV7L5Y-ZGD3R-VDJKMO","2017-12-27 22:13:04","trade","currency","ZEUR",311.4560,0.8098,33197.0057
"LCCTNQ-GHNMF-YIBP5E","TGTFHL-ZOTK3-4CO5EQ","2017-12-27 22:13:04","trade","currency","XXBT",-0.0240907600,0.0000000000,0.2076027300
"L3MMHD-3AA5C-MFOJD7","TGTFHL-ZOTK3-4CO5EQ","2017-12-27 22:13:04","trade","currency","ZEUR",307.8799,0.8005,33504.0851
"LXTD3N-4D2FJ-EEH7FW","ACC6DVV-TUUKP4-LGWBX3","2017-12-28 01:32:14","withdrawal","currency","ZEUR",-11928.9100,0.0900,21575.0851
"","ACCQK7W-VCGS7K-LSRYU6","2018-01-01 14:43:22","withdrawal","currency","ZEUR",-9899.9100,0.0900,""
"","AC3JPKM-VKIEOX-ATZ3LJ","2018-01-01 14:48:48","withdrawal","currency","ZEUR",-5940.0000,60.0000,""
"LYMNYK-QI4MJ-KS56F5","ACCQK7W-VCGS7K-LSRYU6","2018-01-03 03:04:16","withdrawal","currency","ZEUR",-9899.9100,0.0900,11675.0851
"LOR5M4-JIUPA-IIB3DQ","AC3JPKM-VKIEOX-ATZ3LJ","2018-01-05 07:55:13","withdrawal","currency","ZEUR",-5940.0000,60.0000,5675.0851
"LUJ6NS-MG5MM-4WUDOO","TJ2PNU-HNZ3H-L5MDRT","2018-01-05 10:31:04","trade","currency","XETH",-0.8220000000,0.0000000000,0.0008306900
"LXXGLT-2W4EL-AOSFSN","TJ2PNU-HNZ3H-L5MDRT","2018-01-05 10:31:04","trade","currency","ZEUR",678.1336,1.7632,6351.4555
"","ACCUNGW-WUZQ5R-VSUW2S","2018-01-07 16:32:20","withdrawal","currency","ZEUR",-5999.9100,0.0900,""
"LSJI7T-AC5CG-KIK4PQ","ACCUNGW-WUZQ5R-VSUW2S","2018-01-09 05:10:29","withdrawal","currency","ZEUR",-5999.9100,0.0900,351.4555
"","QC5NWIE-SXWNP7-JWOBQK","2018-01-12 00:49:27","deposit","currency","ZEUR",5859.1500,10.0000,""
"LMEBVL-PRYOE-3C5FI7","QC5NWIE-SXWNP7-JWOBQK","2018-01-14 04:08:56","deposit","currency","ZEUR",5859.1500,10.0000,6200.6055
"LSW2KM-IUOEF-OR7CI5","TJWE6V-3QABP-K6ZEAT","2018-01-25 17:06:45","trade","currency","ZEUR",-5004.2748,0.0000,1196.3307
"LDUNL7-F7PVZ-BFBAC3","TJWE6V-3QABP-K6ZEAT","2018-01-25 17:06:45","trade","currency","XXMR",20.0000000000,0.0000000000,20.0000000000
"LDVOST-KPLUE-SZ67NQ","TJR5PI-RJUVP-G6ZNL5","2018-01-25 19:21:44","trade","currency","ZEUR",-1121.8077,0.0000,74.5230
"LXHQP2-5NJHS-KZD6CR","TJR5PI-RJUVP-G6ZNL5","2018-01-25 19:21:44","trade","currency","XXMR",4.4000000000,0.0000000000,24.4000000000
"","BABUSZB-GBZTD2-KGI23J","2018-02-19 14:23:14","withdrawal","currency","XXMR",-3.9500000000,0.0500000000,""
"LMTB5Q-43XBC-A5QX64","BABUSZB-GBZTD2-KGI23J","2018-02-19 14:28:32","withdrawal","currency","XXMR",-3.9500000000,0.0500000000,20.4000000000
"","BABVZLK-CGS4EU-V4JEOJ","2018-02-20 16:49:54","withdrawal","currency","XXMR",-20.3500000000,0.0500000000,""
"LBIFU4-BIOW6-G4KXKQ","BABVZLK-CGS4EU-V4JEOJ","2018-02-20 16:59:26","withdrawal","currency","XXMR",-20.3500000000,0.0500000000,0.0000000000
"LNR56U-2RLWO-G5DEYF","LAGBSCW-LEYPC-3PM5SX","2018-11-18 23:33:18","transfer","currency","BSV",0.0022129400,0.0000000000,0.0022129400
